{"assets/chicacelular.png":["assets/chicacelular.png"],"assets/icono.jpg":["assets/icono.jpg"],"assets/icono.png":["assets/icono.png"],"assets/imagenfondo.jpg":["assets/imagenfondo.jpg"],"assets/imagenfondo.png":["assets/imagenfondo.png"],"assets/logo.png":["assets/logo.png"],"assets/logovisocons.png":["assets/logovisocons.png"],"assets/subirimagen.png":["assets/subirimagen.png"],"packages/cupertino_icons/assets/CupertinoIcons.ttf":["packages/cupertino_icons/assets/CupertinoIcons.ttf"],"packages/fluttertoast/assets/toastify.css":["packages/fluttertoast/assets/toastify.css"],"packages/fluttertoast/assets/toastify.js":["packages/fluttertoast/assets/toastify.js"]}